Time (s),Execution time (s)
0.005,0.14039158821105957
0.008,0.15519976615905762
0.001,0.1709442138671875
0.016,0.1572556495666504
0.003,0.17408204078674316
0.004,0.1743602752685547
0.01,0.17060256004333496
0.002,0.17970490455627441
0.003,0.1794884204864502
0.005,0.17939209938049316
