Time (s),Execution time (s)
0.002,0.16842865943908691
0.001,0.1755378246307373
0.008,0.16926336288452148
0.004,0.1744382381439209
0.005,0.17440319061279297
